<?xml version="1.0" encoding="UTF-8"?>
<Module name="top" Register="48" Alu="13" Lut="25">
    <SubModule name="clk_50_25"/>
    <SubModule name="clk_125_inst"/>
    <SubModule name="f18a_core_inst" Register="15" Lut="27">
        <SubModule name="inst_vram" Lut="118">
            <SubModule name="inst_ram" Bsram="8"/>
        </SubModule>
        <SubModule name="inst_cpu" Register="435" Alu="63" Lut="509">
            <SubModule name="inst_gpu" Register="508" Alu="209" Lut="1582" Dsp="2" Bsram="1" Ssram="4">
                <SubModule name="inst_divide" Register="56" Alu="17" Lut="94"/>
            </SubModule>
        </SubModule>
        <SubModule name="inst_vga_cont" Register="21" Alu="9" Lut="25"/>
        <SubModule name="inst_counters" Register="44" Alu="16" Lut="76"/>
        <SubModule name="inst_tiles" Register="320" Alu="115" Lut="581" Dsp="4" Ssram="2">
            <SubModule name="inst_linebuf" Lut="256" Ssram="128"/>
        </SubModule>
        <SubModule name="inst_sprites" Register="153" Alu="28" Lut="247" Bsram="2"/>
        <SubModule name="inst_color" Register="25" Lut="29" Bsram="1"/>
    </SubModule>
    <SubModule name="hdmi" Register="55" Alu="9" Lut="48">
        <SubModule name="true_hdmi_output.packet_picker" Register="415" Lut="320">
            <SubModule name="audio_clock_regeneration_packet" Register="40" Alu="19" Lut="8"/>
        </SubModule>
        <SubModule name="true_hdmi_output.packet_assembler" Register="45" Alu="4" Lut="369"/>
        <SubModule name="tmds_gen[0].tmds_channel" Register="14" Alu="16" Lut="72"/>
        <SubModule name="tmds_gen[1].tmds_channel" Register="14" Alu="16" Lut="60"/>
        <SubModule name="tmds_gen[2].tmds_channel" Register="14" Alu="16" Lut="62"/>
        <SubModule name="serializer"/>
    </SubModule>
    <SubModule name="SPI_MCP3202" Register="35" Alu="7" Lut="89"/>
</Module>
