<?xml version="1.0" encoding="UTF-8"?>
<Module name="v9958_top" Register="105" Alu="15" Lut="157">
    <SubModule name="clk_135_3_inst"/>
    <SubModule name="vram32k_inst" Register="1" Lut="8" Bsram="16"/>
    <SubModule name="u_v9958" Register="68" Lut="323">
        <SubModule name="U_VDP_VGA" Register="10" Lut="21">
            <SubModule name="DBUF" Lut="21">
                <SubModule name="U_BUF_BE" Bsram="1"/>
                <SubModule name="U_BUF_BO" Bsram="1"/>
            </SubModule>
        </SubModule>
        <SubModule name="U_INTERRUPT" Register="2" Alu="8" Lut="10"/>
        <SubModule name="U_SSG" Register="64" Alu="29" Lut="109">
            <SubModule name="U_HVCOUNTER" Register="32" Lut="65"/>
        </SubModule>
        <SubModule name="U_VDP_COLORDEC" Register="57" Lut="89"/>
        <SubModule name="U_VDP_TEXT12" Register="93" Alu="12" Lut="152"/>
        <SubModule name="U_VDP_GRAPHIC123M" Register="59" Alu="5" Lut="62"/>
        <SubModule name="U_VDP_GRAPHIC4567" Register="136" Alu="40" Lut="120">
            <SubModule name="U_FIFOMEM" Bsram="1"/>
        </SubModule>
        <SubModule name="U_SPRITE" Register="285" Alu="23" Lut="387">
            <SubModule name="ISPINFORAM" Register="3" Ssram="8"/>
            <SubModule name="U_EVEN_LINE_BUF" Bsram="1"/>
            <SubModule name="U_ODD_LINE_BUF" Bsram="1"/>
        </SubModule>
        <SubModule name="U_VDP_REGISTER" Register="225" Lut="160">
            <SubModule name="U_PALETTEMEMRB" Register="5" Bsram="1"/>
        </SubModule>
        <SubModule name="U_VDP_COMMAND" Register="177" Alu="77" Lut="590"/>
    </SubModule>
    <SubModule name="hdmi_ntsc" Register="61" Alu="9" Lut="52">
        <SubModule name="true_hdmi_output.packet_picker" Register="415" Lut="324">
            <SubModule name="audio_clock_regeneration_packet" Register="42" Alu="20" Lut="8"/>
        </SubModule>
        <SubModule name="true_hdmi_output.packet_assembler" Register="45" Alu="4" Lut="356"/>
        <SubModule name="tmds_gen[0].tmds_channel" Register="14" Alu="16" Lut="87"/>
        <SubModule name="tmds_gen[1].tmds_channel" Register="14" Alu="16" Lut="65"/>
        <SubModule name="tmds_gen[2].tmds_channel" Register="14" Alu="16" Lut="69"/>
    </SubModule>
    <SubModule name="hdmi_pal" Register="45" Alu="11" Lut="57">
        <SubModule name="true_hdmi_output.packet_picker" Register="404" Lut="320">
            <SubModule name="audio_clock_regeneration_packet" Register="42" Alu="20" Lut="8"/>
        </SubModule>
        <SubModule name="true_hdmi_output.packet_assembler" Register="45" Alu="4" Lut="359"/>
        <SubModule name="tmds_gen[0].tmds_channel" Register="14" Alu="16" Lut="83"/>
        <SubModule name="tmds_gen[1].tmds_channel" Register="14" Alu="16" Lut="79"/>
        <SubModule name="tmds_gen[2].tmds_channel" Register="14" Alu="16" Lut="72"/>
    </SubModule>
    <SubModule name="serializer"/>
    <SubModule name="SPI_MCP3202" Register="36" Alu="7" Lut="87"/>
</Module>
