<?xml version="1.0" encoding="UTF-8"?>
<Module name="v9958_top" Register="90" Alu="14" Lut="115">
    <SubModule name="clk_135_inst"/>
    <SubModule name="clk_sdramp_inst"/>
    <SubModule name="vram" Register="49" Lut="24">
        <SubModule name="u_sdram" Register="52" Alu="14" Lut="97"/>
    </SubModule>
    <SubModule name="u_v9958" Register="73" Lut="330">
        <SubModule name="U_VDP_VGA" Register="10" Lut="18">
            <SubModule name="DBUF" Lut="21">
                <SubModule name="U_BUF_BE" Bsram="1"/>
                <SubModule name="U_BUF_BO" Bsram="1"/>
            </SubModule>
        </SubModule>
        <SubModule name="U_INTERRUPT" Register="2" Alu="8" Lut="10"/>
        <SubModule name="U_SSG" Register="66" Alu="30" Lut="106">
            <SubModule name="U_HVCOUNTER" Register="41" Lut="79"/>
        </SubModule>
        <SubModule name="U_VDP_COLORDEC" Register="57" Lut="90"/>
        <SubModule name="U_VDP_TEXT12" Register="95" Alu="12" Lut="154"/>
        <SubModule name="U_VDP_GRAPHIC123M" Register="61" Alu="5" Lut="66"/>
        <SubModule name="U_VDP_GRAPHIC4567" Register="150" Alu="41" Lut="163">
            <SubModule name="U_FIFOMEM" Bsram="1"/>
        </SubModule>
        <SubModule name="U_SPRITE" Register="289" Alu="14" Lut="388">
            <SubModule name="ISPINFORAM" Register="3" Ssram="8"/>
            <SubModule name="U_EVEN_LINE_BUF" Bsram="1"/>
            <SubModule name="U_ODD_LINE_BUF" Bsram="1"/>
        </SubModule>
        <SubModule name="U_VDP_REGISTER" Register="241" Lut="164">
            <SubModule name="U_PALETTEMEMRB" Register="5" Bsram="1"/>
        </SubModule>
        <SubModule name="U_VDP_COMMAND" Register="179" Alu="77" Lut="579"/>
        <SubModule name="U_VDP_WAIT_CONTROL" Register="16" Alu="152" Lut="177"/>
    </SubModule>
    <SubModule name="hdmi_ntsc" Register="61" Alu="9" Lut="52">
        <SubModule name="true_hdmi_output.packet_picker" Register="415" Lut="322">
            <SubModule name="audio_clock_regeneration_packet" Register="42" Alu="20" Lut="8"/>
        </SubModule>
        <SubModule name="true_hdmi_output.packet_assembler" Register="45" Alu="4" Lut="340"/>
        <SubModule name="tmds_gen[0].tmds_channel" Register="14" Alu="16" Lut="73"/>
        <SubModule name="tmds_gen[1].tmds_channel" Register="14" Alu="16" Lut="74"/>
        <SubModule name="tmds_gen[2].tmds_channel" Register="14" Alu="16" Lut="68"/>
    </SubModule>
    <SubModule name="hdmi_pal" Register="45" Alu="11" Lut="58">
        <SubModule name="true_hdmi_output.packet_picker" Register="404" Lut="321">
            <SubModule name="audio_clock_regeneration_packet" Register="42" Alu="20" Lut="8"/>
        </SubModule>
        <SubModule name="true_hdmi_output.packet_assembler" Register="45" Alu="4" Lut="350"/>
        <SubModule name="tmds_gen[0].tmds_channel" Register="14" Alu="16" Lut="80"/>
        <SubModule name="tmds_gen[1].tmds_channel" Register="14" Alu="16" Lut="78"/>
        <SubModule name="tmds_gen[2].tmds_channel" Register="14" Alu="16" Lut="72"/>
    </SubModule>
    <SubModule name="serializer"/>
    <SubModule name="SPI_MCP3202" Register="36" Alu="7" Lut="90"/>
</Module>
